{
    "rmse": 9223691632.883192,
    "mae": 74981.10165975562,
    "r2": 0.3206023207870504
}