{
    "rmse": 5408581833.523278,
    "mae": 54708.618792144145,
    "r2": 0.6016152651473221
}