{
    "rmse": 4951601036.714002,
    "mae": 51578.35782775711,
    "r2": 0.6352755071799427
}