{
    "rmse": 85.92087476346984,
    "mae": 7.484172836820399,
    "r2": 0.9922977160399127
}